rows,users,items,sparsity,rating_mean,rating_std
52930,33530,30,0.9473804553136494,4.15769884753448,0.9705431902515592
