season,mean,count
Autumn,4.222659148241579,13478
Spring,4.139551583818719,12533
Summer,4.166409320606401,14248
Winter,4.096756372819825,12671
