model,Precision@5,MAP@5
svd_cf,0.6297872340425532,0.38633385744234805
