model,Precision@5,MAP@5
content_tfidf,0.6425531914893617,0.3853118448637317
